name,qtpu_pre,qtpu_post,ckt_pre,ckt_run,ckt_post,ckt_num_instances
qaoa2-2,0.003947125747799873,6.149336695671082e-05,0.04548541642725468,0.0011798813939094543,0.003950081765651703,16
qaoa2-3,0.008252067491412163,0.000546509400010109,3.0142488349229097,0.018129976466298103,0.14637186005711555,3888
qaoa2-2,0.004064371809363365,5.786679685115814e-05,0.020401157438755035,0.0008867084980010986,0.003170156851410866,16
qaoa2-3,0.008342748507857323,0.00022969581186771393,0.6263479236513376,0.005258375778794289,0.04046395234763622,1005
qaoa2-4,0.011714423075318336,0.00027191638946533203,2.5026091877371073,0.01829184778034687,0.1445848736912012,3960
qaoa2-5,0.01565466821193695,0.0009480435401201248,3.2489850893616676,0.02322445437312126,0.18661383539438248,5000
qaoa2-6,0.01948678493499756,0.0012084785848855972,3.8544383198022842,0.027923746034502983,0.21334252133965492,5916
