name,num_qubits,depth,qtpu_compile,qtpu_preparation,qtpu_runtime,qtpu_postprocessing
vqe,15,1,2.69671508600004,0.2775811640312895,0.254435617942363,0.0011069829342886806
vqe,15,2,9.466014483012259,10.793794062105007,9.213866268051788,0.0008089040638878942
vqe,15,1,2.352538166916929,0.2766466320026666,0.24696559901349247,0.0012923369649797678
vqe,15,2,8.317544171935879,12.415296399965882,8.635881886002608,0.013113563996739686
vqe,15,1,2.446397935040295,0.34442243503872305,0.30568760202731937,0.001726094982586801
vqe,15,2,9.614882247056812,5.2344442759640515,4.168835620977916,0.004987278953194618
