name,qtpu_compile,qtpu_preparation,qtpu_runtime,qtpu_postprocessing,ckt_compile,ckt_preparation,ckt_runtime,ckt_postprocessing
qaoa2-2,9.016239129006863,0.5506748296320438,0.004820188507437706,0.0003221668303012848,0.3378284554928541,0.05442277900874615,0.0009202137589454651,0.005227239802479744
qaoa2-3,16.633949872106314,0.7156713828444481,0.005943465977907181,9.085424244403839e-05,2.7634770032018423,0.7361790593713522,0.00440496951341629,0.03440760634839535
qml-20,11.010086657479405,0.41629986837506294,0.0036624372005462646,0.0003821905702352524,0.7541715744882822,0.5793740805238485,0.0029678847640752792,0.023700447753071785
vqe-20,10.557869397103786,0.35967294685542583,0.003198046237230301,9.229220449924469e-05,0.053996648639440536,0.06806975603103638,0.0009328015148639679,0.005150169134140015
qml-30,27.54432087019086,20.795645214617252,0.20390502363443375,0.0003096889704465866,7.038120178505778,3.2790702264755964,0.2320270799100399,0.0984230600297451
vqe-30,21.370437741279602,0.4918900541961193,0.004292408004403114,9.550713002681732e-05,0.05900353379547596,0.09239060059189796,0.0009500104933977127,0.005934281274676323
