num_qubits,fidelity
14,0.7860835116493597
16,0.7336694268118835
14,0.7758041027534769
12,0.9182183594726012
12,0.8412665084464538
12,0.8388731913987744
14,0.7728440301065388
14,0.7569440741067776
16,0.7172826042504098
16,0.7169601910122717
