num_qubits,h_fid,h_fid_base,tv_fid,tv_fid_base,num_cnots,num_cnots_base,depth,depth_base,num_deps,num_deps_base,num_vgates,num_fragments,num_instances,run_time,knit_time,run_time_base
10,0.21025230276331583,0.0,0.0,0.0,0,0,0,0,0,0,0,0,0,0,0,0.0
10,0.44395516413130504,0.0,0.0,0.0,0,0,0,0,0,0,0,0,0,0,0,0.0
10,0.3657755081606085,0.0,0.0,0.0,0,0,0,0,0,0,0,0,0,0,0,0.0
10,0.43395565343610804,0.0,0.0,0.0,0,0,0,0,0,0,0,0,0,0,0,0.0
10,0.18416307723129305,0.0,0.0,0.0,0,0,0,0,0,0,0,0,0,0,0,0.0
