num_qubits,h_fid,h_fid_base,tv_fid,tv_fid_base,num_cnots,num_cnots_base,depth,depth_base,num_deps,num_deps_base,num_vgates,num_fragments,num_instances,run_time,knit_time,run_time_base
20,0.27739607919174974,0.0,0.0,0.0,0,0,0,0,0,0,0,0,0,0,0,0.0
20,0.2777076056650441,0.0,0.0,0.0,0,0,0,0,0,0,0,0,0,0,0,0.0
20,0.2769692016977836,0.0,0.0,0.0,0,0,0,0,0,0,0,0,0,0,0,0.0
20,0.27576648727854614,0.0,0.0,0.0,0,0,0,0,0,0,0,0,0,0,0,0.0
20,0.2779826167479729,0.0,0.0,0.0,0,0,0,0,0,0,0,0,0,0,0,0.0