num_qubits,h_fid,h_fid_base,tv_fid,tv_fid_base,num_cnots,num_cnots_base,depth,depth_base,num_deps,num_deps_base,num_vgates,num_fragments,num_instances,run_time,knit_time,run_time_base
20,0.36914272716294183,0.0,0.0,0.0,0,0,0,0,0,0,0,0,0,0,0,0.0
20,0.3705296867607931,0.0,0.0,0.0,0,0,0,0,0,0,0,0,0,0,0,0.0
20,0.36528550599272225,0.0,0.0,0.0,0,0,0,0,0,0,0,0,0,0,0,0.0
20,0.37331529022348797,0.0,0.0,0.0,0,0,0,0,0,0,0,0,0,0,0,0.0
20,0.37131529322348797,0.0,0.0,0.0,0,0,0,0,0,0,0,0,0,0,0,0.0
