num_qubits,h_fid,h_fid_base,tv_fid,tv_fid_base,num_cnots,num_cnots_base,depth,depth_base,num_deps,num_deps_base,num_vgates,num_fragments,num_instances,run_time,knit_time,run_time_base
20,0.4725081973878243,0.0,0.0,0.0,0,0,0,0,0,0,0,0,0,0,0,0.0
20,0.48571382013653186,0.0,0.0,0.0,0,0,0,0,0,0,0,0,0,0,0,0.0
20,0.47487937499164207,0.0,0.0,0.0,0,0,0,0,0,0,0,0,0,0,0,0.0
20,0.4722073868429131,0.0,0.0,0.0,0,0,0,0,0,0,0,0,0,0,0,0.0
20,0.4825081868429131,0.0,0.0,0.0,0,0,0,0,0,0,0,0,0,0,0,0.0