num_qubits,h_fid,h_fid_base,tv_fid,tv_fid_base,num_cnots,num_cnots_base,depth,depth_base,num_deps,num_deps_base,num_vgates,num_fragments,num_instances,run_time,knit_time,run_time_base
20,0.43040788216498277,0.0,0.0,0.0,0,0,0,0,0,0,0,0,0,0,0,0.0
20,0.42215479442646753,0.0,0.0,0.0,0,0,0,0,0,0,0,0,0,0,0,0.0
20,0.42982618108055437,0.0,0.0,0.0,0,0,0,0,0,0,0,0,0,0,0,0.0
20,0.42980502524213826,0.0,0.0,0.0,0,0,0,0,0,0,0,0,0,0,0,0.0
20,0.4426543944266783,0.0,0.0,0.0,0,0,0,0,0,0,0,0,0,0,0,0.0