num_qubits,h_fid,h_fid_base,tv_fid,tv_fid_base,num_cnots,num_cnots_base,depth,depth_base,num_vgates,num_fragments,num_instances,run_time,knit_time,run_time_base
10,0.0,0.0,0.0,0.0,0,0,0,0,0,0,0,0.22185202600667253,0.00019361497834324837,0.16388400900177658
20,0.0,0.0,0.0,0.0,0,0,0,0,0,0,0,6.036981520999689,8.975899713987019,0.3888133430154994
10,0.0,0.0,0.0,0.0,0,0,0,0,0,0,0,0.1987216909765266,0.00015033205272629857,0.16487327899085358
20,0.0,0.0,0.0,0.0,0,0,0,0,0,0,0,6.2511739560286514,9.545754658989608,0.3854116870206781
