num_qubits,h_fid,h_fid_base,tv_fid,tv_fid_base,num_cnots,num_cnots_base,depth,depth_base,num_deps,num_deps_base,num_vgates,num_fragments,num_instances,run_time,knit_time,run_time_base
30,0.0,0.0,0.0,0.0,0,0,0,0,0,0,0,0,0,"{'run_time': 14.193476425018162, 'knit_time': 3.8772890029940754}","{'run_time': 14.193476425018162, 'knit_time': 3.8772890029940754}",11.73740350396838
40,0.0,0.0,0.0,0.0,0,0,0,0,0,0,0,0,0,"{'run_time': 41.2813523421064, 'knit_time': 21.270605635945685}","{'run_time': 41.2813523421064, 'knit_time': 21.270605635945685}",0.0
50,0.0,0.0,0.0,0.0,0,0,0,0,0,0,0,0,0,"{'run_time': 32.03686504799407, 'knit_time': 112.93031349603552}","{'run_time': 32.03686504799407, 'knit_time': 112.93031349603552}",0.0
60,0.0,0.0,0.0,0.0,0,0,0,0,0,0,0,0,0,"{'run_time': 163.68949585605878, 'knit_time': 102.65644153591711}","{'run_time': 163.68949585605878, 'knit_time': 102.65644153591711}",0.0
70,0.0,0.0,0.0,0.0,0,0,0,0,0,0,0,0,0,"{'run_time': 120.0079321230296, 'knit_time': 801.0942367650568}","{'run_time': 120.0079321230296, 'knit_time': 801.0942367650568}",0.0
80,0.0,0.0,0.0,0.0,0,0,0,0,0,0,0,0,0,"{'run_time': 119.31589428603183, 'knit_time': 5096.503638901049}","{'run_time': 119.31589428603183, 'knit_time': 5096.503638901049}",0.0
