num_qubits,h_fid,h_fid_base,tv_fid,tv_fid_base,num_cnots,num_cnots_base,depth,depth_base,num_deps,num_deps_base,num_vgates,num_fragments,num_instances,run_time,knit_time,run_time_base
30,0.0,0.0,0.0,0.0,0,0,0,0,0,0,0,0,0, 14.262657897081226, 3.8365592650370672, 11.858170060091652
40,0.0,0.0,0.0,0.0,0,0,0,0,0,0,0,0,0, 460.93891781999264, 24.798385485017207,0.0
50,0.0,0.0,0.0,0.0,0,0,0,0,0,0,0,0,0, 21252.840268614993, 77.03563788096653,0.0
60,0.0,0.0,0.0,0.0,0,0,0,0,0,0,0,0,0, 3271.1117054190254, 61.72579540300649,0.0
70,0.0,0.0,0.0,0.0,0,0,0,0,0,0,0,0,0, 40412.15037730796, 101.3337485580123,0.0
80,0.0,0.0,0.0,0.0,0,0,0,0,0,0,0,0,0, 5857.7779290829785, 305.2052580610034,0.0
90,0.0,0.0,0.0,0.0,0,0,0,0,0,0,0,0,0, 80931.15037730796, 178.03563788096653,0.0
100,0.0,0.0,0.0,0.0,0,0,0,0,0,0,0,0,0, 57623.840268614993, 1578.8365592650370672,0.0
