num_qubits,fidelity
4,0.8828394054262597
6,0.9342556826417852
4,0.8825535185300882
6,0.9337846698371048
4,0.8825298549766637
6,0.8963690711674351
4,0.8803160778875826
6,0.8975406539074327
4,0.8840271217442084
6,0.9320548045721241
2,0.9789786585775766
