num_qubits,fidelity
2,0.9678630302278727
6,0.8925909858660042
4,0.9672995516367725
2,0.9676606485729471
6,0.7762828476379318
4,0.9578940162302481
2,0.9654664276448303
6,0.914122835012953
4,0.9575966951249076
2,0.9649506310543838
6,0.9191903487433157
4,0.9623917395913635
2,0.967376534201454
6,0.9131155974674176
4,0.9509244294451235
