num_qubits,fidelity
4,0.9849489702061566
2,0.9860832435953251
6,0.9602574488325515
4,0.9533459340250664
2,0.9875016045531091
6,0.9637601217100326
4,0.957001907916214
2,0.9920565473237405
6,0.9713215579252578
4,0.9764914007982162
2,0.9929000368539973
6,0.9648018628817374
4,0.988073439413703
2,0.9857834672950327
6,0.963500002011204
