num_qubits,fidelity
2,0.9255775711383236
4,0.9301783876185931
6,0.6786052589829046
2,0.9213608722252512
4,0.9489284503327409
6,0.6532188362393182
2,0.9220505665416744
4,0.9371034015282215
6,0.6652744983688841
2,0.9233203759178152
4,0.948836192004005
6,0.6733695213787645
2,0.9372255087522784
4,0.9326147647816253
6,0.5104060902615986
