num_qubits,fidelity
2,0.951997649384525
4,0.9694305002436925
6,0.7210860699889805
2,0.9525498216105069
4,0.967492991410823
6,0.7965365189472825
2,0.9534768299058155
4,0.9648380552296227
6,0.7973444752612215
2,0.9938576016619818
4,0.9666934893759666
6,0.7916851576616519
2,0.9495850133113783
4,0.9705474352092017
6,0.7230277307456195
