num_qubits,fidelity
2,0.9954145092253708
4,0.9803258138303743
6,0.9952024495519409
8,0.9752458520523453
2,0.9948975792113642
4,0.9848373303230862
6,0.9946483575569788
8,0.9430293936797741
