num_qubits,fidelity
4,0.998951613036022
6,0.9652354783465575
8,0.8995284205863167
