num_qubits,h_fid,h_fid_base,tv_fid,tv_fid_base,num_cnots,num_cnots_base,depth,depth_base,num_deps,num_deps_base,num_vgates,num_fragments,num_instances,run_time,knit_time,run_time_base
6,0.824344596576212,0.6670446242268222,0.6597521389355692,0.5257000000000001,53,69,88,115,0,0,2,1,36,255.05654016899643,3.7804966190014966,51.231318637990626
8,0.676341169175295,0.5408241087686878,0.5274654306460389,0.46335000000000026,68,84,96,126,0,0,2,1,36,204.71049767397926,3.4270318990165833,47.694634798011975
10,0.4794410648986053,0.48990873661336326,0.4281828675266218,0.4324999999999962,71,78,93,126,0,0,2,1,36,196.79973746699397,3.6717338860034943,27.865254716016352
12,0.229746755413635,0.43393097099508193,0.30580654046510025,0.4229499999999866,68,72,95,125,0,0,2,1,36,213.43780238501495,3.7048174899828155,31.757045181991998
6,0.8539601284289434,0.7155801451486499,0.6910995880684245,0.5591000000000002,53,68,88,112,0,0,2,1,36,174.5340823190054,3.364451152010588,21.41943583401735
8,0.6868379400086254,0.5943135771573326,0.5525839948335403,0.4902000000000003,68,84,96,126,0,0,2,1,36,187.7010851110099,3.35700076300418,14.47579033501097
10,0.5405056199900586,0.34506252852215474,0.45055596254684294,0.3384499999999968,68,78,96,126,0,0,2,1,36,166.89686972199706,5.776239872007864,29.121362549980404
