num_qubits,h_fid,h_fid_base,tv_fid,tv_fid_base,num_cnots,num_cnots_base,depth,depth_base,num_deps,num_deps_base,num_vgates,num_fragments,num_instances,run_time,knit_time,run_time_base
6,0.80385,0.0,0.8038500000000001,0.0,10,0,20,0,0,0,0,1,1,8.542413793999003,0.0002360600046813488,0.0
10,0.69415,0.0,0.6941500000000005,0.0,18,0,23,0,0,0,0,1,1,9.849147718996392,0.00026811000134330243,0.0
14,0.4394,0.0,0.4393999999999938,0.0,29,0,37,0,0,0,0,1,1,141.0175382019952,0.00034305699227843434,0.0
6,0.7558500000000001,0.0,0.7558500000000001,0.0,10,0,20,0,0,0,0,1,1,14.019640612998046,0.0001316800044151023,0.0
10,0.300060400840087,0.0,0.29884999999999784,0.0,18,0,23,0,0,0,0,1,1,14.719660973001737,0.0001467200054321438,0.0
14,0.03204999999999956,0.0,0.032049999999957945,0.0,29,0,37,0,0,0,0,1,1,15.425241826000274,0.0001621330011403188,0.0
