num_qubits,h_fid,h_fid_base,tv_fid,tv_fid_base,num_cnots,num_cnots_base,depth,depth_base,num_deps,num_deps_base,num_vgates,num_fragments,num_instances,run_time,knit_time,run_time_base
6,0.8918868760538797,0.0,0.892,0.0,5,0,14,0,0,0,0,1,1,7.948640314993099,0.000244855007622391,0.0
10,0.7541227756385127,0.0,0.7548000000000001,0.0,9,0,18,0,0,0,0,1,1,10.541452178993495,0.00038464300450868905,0.0
14,0.5286499999999998,0.0,0.528650000000001,0.0,14,0,30,0,0,0,0,1,1,136.74805511599698,0.0003031930100405589,0.0
6,0.7316312000116092,0.0,0.73255,0.0,5,0,14,0,0,0,0,1,1,13.448516573000234,0.00014501900295726955,0.0
10,0.1271989234261813,0.0,0.12869999999999715,0.0,9,0,18,0,0,0,0,1,1,15.29789821599843,0.00010101799853146076,0.0
14,0.04480000000000011,0.0,0.044799999999982076,0.0,14,0,29,0,0,0,0,1,1,15.501552991001518,0.0002445639984216541,0.0
