num_qubits,h_fid,h_fid_base,tv_fid,tv_fid_base,num_cnots,num_cnots_base,depth,depth_base,num_deps,num_deps_base,num_vgates,num_fragments,num_instances,run_time,knit_time,run_time_base
10,0.8995026321234304,0.6892426278294587,0.7840759603117304,0.5562500000000035,8,17,30,40,0,0,2,2,72,290.24787988502067,3.634660108014941,24.55961247300729
14,0.7825799611371657,0.4393179315118738,0.6774566893782519,0.4070999999999657,12,25,38,59,0,0,2,2,72,306.5927882989927,3.351572255982319,28.079935756977648
10,0.8864346392031682,0.6630415514718823,0.760354238096358,0.5232000000000037,8,17,30,40,0,0,2,2,72,295.85900785098784,4.02070810899022,28.086122788023204
14,0.6876556329825565,0.28934244739848974,0.6004014786573852,0.2978999999999433,12,25,38,58,0,0,2,2,72,301.6429289349762,4.212295595003525,65.15267789000063
