num_qubits,h_fid,h_fid_base,tv_fid,tv_fid_base,num_cnots,num_cnots_base,depth,depth_base,num_deps,num_deps_base,num_vgates,num_fragments,num_instances,run_time,knit_time,run_time_base
8,0.8412801446823845,0.0,0.7252809964824507,0.0,6,0,29,0,0,0,2,2,72,468.0300525339844,3.3655175270105246,0.0
10,0.7782581563809097,0.0,0.6395390257934537,0.0,8,0,33,0,0,0,2,2,72,481.7328690480208,3.7456953919900116,0.0
14,0.24090382714851677,0.0,0.27305362641435493,0.0,18,0,66,0,0,0,2,2,72,1111.6832994889992,3.6661494559957646,0.0
8,0.8271651515365446,0.0,0.6693076359837966,0.0,6,0,28,0,0,0,2,2,72,1619.216324804991,3.224944212997798,0.0
10,0.8105856186349053,0.0,0.6968459514532699,0.0,8,0,37,0,0,0,2,2,72,1571.4088470159913,3.2828975649899803,0.0
14,0.18069279236241256,0.0,0.20798775868799246,0.0,18,0,70,0,0,0,2,2,72,1522.717639903014,3.4472146139887627,0.0
