num_qubits,h_fid,h_fid_base,tv_fid,tv_fid_base,num_cnots,num_cnots_base,depth,depth_base,num_deps,num_deps_base,num_vgates,num_fragments,num_instances,run_time,knit_time,run_time_base
8,0.8539356831778906,0.8536500000000001,0.8493186740384616,0.8536500000000002,6,14,25,33,0,0,2,2,72,224.24879531099577,3.55186259598122,231.0874556750059
10,0.6538694573736655,0.8200500000000001,0.6543882982598038,0.8200500000000003,8,18,29,41,0,0,2,2,72,228.62247400698834,3.35903636799776,243.29028080101125
