num_qubits,fidelity
2,0.9966600087810008
4,0.8799855341068001
2,0.9636329907418185