num_qubits,fidelity
4,0.8546596201115686
6,0.941051930661313
2,0.9789786585775766
4,0.8532575146491196
6,0.930176011581483
2,0.9789786585775766
4,0.8532575146491196
6,0.930176011581483
8,0.7726692094743103
12,0.4123626764490035
10,0.49367093863882094