num_qubits,fidelity
2,0.9681197697439269
4,0.9606887763451532
6,0.9631905098575866
8,0.8874699773795499
10,0.7969752884048821
12,0.4118156516175619
14,0.21168458776524474