num_qubits,h_fid,h_fid_base,tv_fid,tv_fid_base,num_cnots,num_cnots_base,depth,depth_base,num_vgates,num_fragments,num_instances,run_time,knit_time,run_time_base
4,0.9999863079284981,0.9999984374864022,0.9963,0.99875,3,3,7,7,0,1,1,0.5284493489889428,0.0002246699878014624,0.7596395830041729
4,0.9999749985936358,0.9999912974994561,0.995,0.99705,3,3,7,7,0,1,1,0.5209491999703459,0.00037081801565364003,0.7565561009687372
6,0.9977851095089083,0.9999963899716973,0.9904935791666666,0.9981,2,5,6,9,1,2,12,2.203719148004893,4.699426297971513,0.13260455202544108
8,0.9999937175819342,0.9999302757914634,0.9965749999999999,0.9916499999999999,3,7,7,11,1,2,12,2.472086755966302,4.660670653975103,0.16198602499207482
10,0.9942621265236563,0.999912574299721,0.9918590174786458,0.99065,3,9,7,13,2,3,48,14.866811593994498,4.766234088980127,0.1821883600205183
12,0.9991582094582999,0.9999977498559903,0.9973141018966667,0.9984999999999999,3,11,7,15,2,3,48,17.08129422395723,4.7482327580219135,0.20702035998692736
14,0.9932696366965267,0.9999621760693502,0.9957087886359376,0.99385,3,14,6,25,3,4,84,31.00208038499113,5.405077642004471,0.2759089170140214
16,0.9894463432972126,0.9998865754510368,0.9903483377355764,0.9893500000000001,3,18,7,43,3,4,84,31.581625121994875,4.929662465001456,0.3907816850114614
