num_qubits,h_fid,h_fid_base,tv_fid,tv_fid_base,num_cnots,num_cnots_base,depth,depth_base,num_vgates,num_fragments,num_instances,run_time,knit_time,run_time_base
4,0.9966289009101013,0.9983522683544483,0.9527,0.9668,2,2,15,12,0,1,1,1.0885042999871075,0.00035283499164506793,0.9458029860397801
6,0.9919298081747987,0.9944044732903156,0.9278366325,0.949,3,4,15,18,1,2,12,7.56317640497582,5.072396108007524,1.0468080439604819
8,0.9848167262735639,0.9844687905244222,0.91284528375,0.9235,5,6,14,23,1,2,12,8.606979986012448,5.597870237019379,1.227733267005533
10,0.9715626997513337,0.9685969516187236,0.8988338733283593,0.9018499999999999,6,8,14,31,2,3,48,38.45571075397311,5.341987527965102,1.2030980680137873
12,0.9431395498350148,0.9292086465749709,0.8780710383856294,0.8631500000000007,8,10,16,34,2,3,48,47.54815700999461,5.481068173015956,2.532105727994349
14,0.8924936031638698,0.8527699318957006,0.8356458545294629,0.7960000000000077,9,12,16,36,3,4,84,85.95351572299842,11.184214676963165,27.7184521650197
