num_qubits,h_fid,h_fid_base,tv_fid,tv_fid_base,num_cnots,num_cnots_base,depth,depth_base,num_vgates,num_fragments,num_instances,run_time,knit_time,run_time_base
4,0.9997130865813911,0.9996797293111532,0.99225,0.98935,2,2,14,11,0,1,1,0.6642738719820045,0.00042744900565594435,0.8633406209992245
6,0.9987591855221679,0.9979514601952408,0.9826355987500001,0.9813,2,4,14,17,1,2,12,2.552131959993858,4.63301465800032,0.4283128749812022
8,0.996270639413028,0.9938806114321387,0.9747064612499999,0.9681,3,6,16,23,1,2,12,3.0324592869728804,4.665401313977782,0.4027456670301035
10,0.9875939700053541,0.9795263940560867,0.9590131839569375,0.9459,3,8,14,31,2,3,48,19.36894332297379,4.802352755039465,0.4843823749688454
12,0.9644850219520835,0.9440223597449433,0.9292075134418192,0.9114000000000004,3,10,17,37,2,3,48,24.162084235984366,5.3107684010174125,0.5110785699798726
14,0.9236063893582307,0.8857787651771131,0.8882183769583789,0.8700000000000033,3,12,17,41,3,4,84,45.350897633004934,7.65487807802856,0.5253685619682074
