num_qubits,h_fid,h_fid_base,tv_fid,tv_fid_base,num_cnots,num_cnots_base,depth,depth_base,num_deps,num_deps_base,num_vgates,num_fragments,num_instances,run_time,knit_time,run_time_base
6,0.7743864633658682,0.7995999999999999,0.7762057598313492,0.7996,4,10,18,20,0,0,2,2,72,319.2699709370063,3.1720361070038052,1.6623657879972598
8,0.7252722771001325,0.7766941020949869,0.7196884779289217,0.7721000000000002,6,14,19,22,0,0,2,2,72,402.65268116899824,3.2218452929955674,3.291391045000637
10,0.6373976321159689,0.68415,0.6378379996848849,0.6841500000000006,8,18,20,23,0,0,2,2,72,465.67357010500564,3.197082919999957,1.9520343629992567
12,0.4962636928627301,0.6564918770561313,0.4892739391632117,0.6509500000000017,13,22,30,26,0,0,2,2,72,578.1964586480026,3.5120089489937527,4.861233244999312
14,0.3495561269551846,0.3947343942124744,0.3483178639619713,0.3939499999999828,18,29,39,37,0,0,2,2,72,735.3986387829937,3.4301864209992345,62.231072697992204
