num_qubits,h_fid,h_fid_base,tv_fid,tv_fid_base,num_cnots,num_cnots_base,depth,depth_base,num_deps,num_deps_base,num_vgates,num_fragments,num_instances,run_time,knit_time,run_time_base
6,0.8662548285263824,0.8994648802867018,0.866189305625,0.8995,2,5,12,14,0,0,1,2,12,13.677519204997225,3.1291550699970685,1.5834564140095608
8,0.777172759023947,0.81575,0.7765157722756412,0.8157500000000002,3,7,13,16,0,0,1,2,12,16.2051879990031,3.1151925019948976,1.622120180996717
10,0.7598785657647793,0.7546672646481541,0.7605855027709798,0.7549000000000002,3,9,13,18,0,0,2,3,48,106.09747194300871,3.369498483996722,2.8533989479910815
12,0.6729066035212888,0.6734,0.6727674494155252,0.6734000000000007,3,11,14,20,0,0,2,3,48,139.62702385500597,3.2478064270108007,4.633286454001791
14,0.6509531487822109,0.55455,0.6517086061268553,0.5545500000000011,3,14,14,29,0,0,3,4,84,280.09559975199227,3.8032254700083286,31.13137028699566
