num_samples,qtpu_pre,qtpu_run,qtpu_post,qtpu_gpu_pre,qtpu_gpu_comp,qtpu_gpu_run,qtpu_gpu_post,num_instances,ckt_pre,ckt_run,ckt_post
10,0.13916142657399178,0.11538434773683548,0.0007950328290462494,0.0413413904607296,0.004005515947937965,0.049646561965346336,9.604357182979584e-05,4,0.07290884852409363,1.0040129572153091,2.6613682843744755
100,10.209302514791489,22.91507259570062,0.0010643154382705688,11.783052882179618,0.00573095865547657,22.8967945240438,0.00011787936091423035,1710,0.41759708896279335,7.798406217247248,26.854330668225884
1000,18.339780246838927,36.04272138886154,0.00103021040558815,18.466851657256484,0.0037826932966709137,37.03716614283621,0.00010396167635917664,2664,4.8331107925623655,81.63648339174688,265.7935234736651
5000,20.533106867223978,43.72494351863861,0.00032969191670417786,18.86835259385407,0.0036300383508205414,38.33386523462832,0.00010235793888568878,2664,19.459485840052366,392.17479154095054,1276.2256087567657
10000,25.534366320818663,39.54717793688178,0.0008348207920789719,18.133952969685197,0.0064326804131269455,38.73558513633907,0.0001236647367477417,2664,32.184722885489464,782.2974351439625,2506.1713960636407
