num_samples,qtpu_pre,qtpu_run,qtpu_post,qtpu_gpu_pre,qtpu_gpu_comp,qtpu_gpu_run,qtpu_gpu_post,num_instances,ckt_pre,ckt_run,ckt_post
10,0.20776990801095963,0.1400973852723837,0.000799303874373436,0.06230209395289421,0.004109516739845276,0.05647999234497547,0.0001046210527420044,6,0.06383137591183186,0.8816706165671349,2.744658425450325
100,4.074439058080316,6.165225923061371,0.0009079352021217346,5.408403081819415,0.0065508633852005005,5.7730802446603775,0.00011277943849563599,552,0.34291023202240467,5.934321327134967,26.109800338745117
