num_qubits, fidelity, fid_bench
4, 0.5825326221701337, 
5, 0.9213829216348366
6, 0.6944359583024251