num_qubits,exec_time,fidelity
4,9.039395873987814,0.9998645654598224
6,15.633354907971807,0.9997378568261329
8,8.115935848007211,0.9990092689384479
