{
    "num_subcircuits": {
        "0": 2,
        "1": 3,
        "2": 4,
        "3": 5,
        "4": 6,
        "5": 8,
        "6": 8,
        "7": 10
    },
    "num_qubits": {
        "0": 10,
        "1": 15,
        "2": 20,
        "3": 25,
        "4": 30,
        "5": 35,
        "6": 40,
        "7": 45
    },
    "num_qpds": {
        "0": 2,
        "1": 4,
        "2": 6,
        "3": 8,
        "4": 10,
        "5": 14,
        "6": 14,
        "7": 18
    },
    "ckt_overhead": {
        "0": 2.1583624921,
        "1": 3.9577030415,
        "2": 5.6689075023,
        "3": 7.3391533554,
        "4": 8.9856324865,
        "5": 12.2365401862,
        "6": 12.2365401862,
        "7": 15.4538805382
    },
    "qtpu_overhead": {
        "0": 1.8633228601,
        "1": 3.1476763242,
        "2": 3.4372747974,
        "3": 3.6094876899,
        "4": 3.7324741773,
        "5": 3.9066043717,
        "6": 3.9066043717,
        "7": 4.0305592453
    }
}