name,qtpu_compile,qtpu_gpu_pre,qtpu_gpu_comp,qtpu_gpu_run,qtpu_gpu_post,cutensor_comp,cutensor_run,cutensor_cost,qtpu_cost_log10,ckt_cost_log10,num_qpds,num_subcircuits,num_instances,num_2q,max_qubits,depth,esp,base_qubits,base_depth,base_num_2q,base_esp
qaoa1,10.896421855315566,201.63691662997007,0.008787242695689201,409.7941029444337,0.00014911405742168427,8.76981519907713,0.5974730402231216,694206370696.0,3.7443712273318606,8.985632486492362,10,6,5256,142,20,37,0.849,120,165,804,0.392
qaoa1,10.259712304919958,28.30688675120473,0.010563720017671585,71.79192782193422,0.00020843744277954102,7.561396548524499,0.7798777893185616,1697798147328.0,3.1550322287909704,11.212743457864208,11,8,704,156,23,39,0.837,137,176,880,0.361
qaoa1,10.89404682815075,244.28436582535505,0.007289206609129906,574.8940835148096,0.0001316070556640625,20.23252564109862,3.6451872158795595,10614949356065.0,3.7443712273318606,8.985632486492362,10,6,5256,170,22,42,0.823,132,204,991,0.321
