name,qtpu_pre,qtpu_post,ckt_pre,ckt_run,ckt_post,ckt_num_instances
qaoa2-2,0.004023909568786621,8.108466863632202e-05,0.02084433101117611,0.0006624329835176468,0.003180224448442459,16
qaoa2-3,0.008292840793728828,0.00016182102262973785,2.2007712554186583,0.016664056107401848,0.13236952759325504,3561
qaoa2-4,0.011752309277653694,0.00023598037660121918,165.3979562856257,0.9632057026028633,6.339830605313182,176544
qaoa2-5,0.016242563724517822,0.0002692863345146179,424.71139739081264,2.548837009817362,15.180006744340062,428195
qaoa2-6,0.01950378529727459,0.0003097914159297943,324.855531828478,1.9751229919493198,12.306463908404112,347046
