name,num_qubits,depth,qtpu_compile,qtpu_preparation,qtpu_runtime,qtpu_postprocessing
vqe,30,1,2.875156054040417,0.06963452801574022,8.145638704998419,0.0005298219621181488
vqe,30,2,10.87406671908684,0.5432886140188202,6.49093658302445,0.0004917290061712265
vqe,30,3,18.4397589470027,4.627284046029672,114.03355178900529,0.0004765390185639262
vqe,70,1,8.983465018915012,0.5687890609260648,37.31293635000475,0.0012270519509911537
vqe,15,1,1.620771134039387,0.2436433059629053,0.1562797820661217,0.0006108359666541219
vqe,15,1,2.4249297529459,0.3987320999149233,0.4330803699558601,0.00716299400664866
vqe,15,1,2.462179739959538,0.4413259959546849,9.909201381029561,0.0059147910214960575
