name,qtpu_compile,qtpu_gpu_pre,qtpu_gpu_comp,qtpu_gpu_run,qtpu_gpu_post,cutensor_comp,cutensor_run,cutensor_cost,qtpu_cost_log10,ckt_cost_log10,num_qpds,num_subcircuits,num_instances,num_2q,max_qubits,depth,esp,base_qubits,base_depth,base_num_2q,base_esp
qaoa1,12.735890828073025,5.211858844384551,0.006716940551996231,13.672849740833044,0.00012976303696632385,4.736635472625494,0.32759966142475605,343111035184.0,2.2576785748691846,4.932148937076444,5,6,156,142,20,37,0.849,120,122,823,0.385
qaoa1,13.271076761186123,5.76182808727026,0.00628177635371685,12.896615309640765,0.00012211687862873077,4.02962058223784,0.19846227765083313,349978237056.0,2.2576785748691846,4.932148937076444,5,6,156,159,21,40,0.833,126,150,892,0.357
qaoa1,11.544840708374977,6.328867187723517,0.006407234817743301,15.44557735323906,0.00012520328164100647,5.889692949131131,0.45869025588035583,1040784966672.0,2.2576785748691846,4.932148937076444,5,6,156,172,22,41,0.822,132,145,991,0.321
qaoa1,11.480444243177772,6.5468586552888155,0.006406435742974281,17.409563207998872,0.00012247450649738312,26.007075307890773,22.96631741337478,14484769028551.0,2.2576785748691846,4.932148937076444,5,6,156,180,23,43,0.814,138,124,1039,0.304
qaoa1,10.91051865182817,6.177896000444889,0.006666431203484535,22.486457392573357,0.0001274440437555313,56.26946530491114,7.050557777285576,24986930168528.0,2.2430380486862944,5.182026410293044,5,6,128,195,24,45,0.801,146,174,1139,0.273
