name,qtpu_cost_log10,ckt_cost_log10,num_qpds,num_subcircuits,num_instances,num_2q,max_qubits,depth,esp,base_qubits,base_depth,base_num_2q,base_esp,qtpu_gpu_pre,qtpu_gpu_comp,qtpu_gpu_run,qtpu_gpu_post,cutensor_comp,cutensor_run,cutensor_cost
qaoa1,2.2576785748691846,4.932148937076444,5,6,156,103,18,32,0.884,108,106,617,0.479,4.063316307961941,0.0069182682782411575,9.646677646785975,0.00013877451419830322,2.144591646268964,0.0457885917276144,22827435152.0
qaoa1,2.2576785748691846,4.932148937076444,5,6,156,122,19,35,0.867,114,117,685,0.445,4.68912211433053,0.0063095055520534515,11.548765428364277,0.00012474507093429565,2.3532761838287115,0.06410902738571167,98744709528.0
qaoa1,2.2576785748691846,4.932148937076444,5,6,156,142,20,38,0.849,120,116,789,0.398,5.1904822792857885,0.006455328315496445,13.245208555832505,0.0001195073127746582,4.044197985902429,0.27148957177996635,554392646144.0
qaoa1,2.2576785748691846,4.932148937076444,5,6,156,156,21,38,0.836,126,118,878,0.362,6.035120068117976,0.006690673530101776,19.506901536136866,0.00012215971946716309,8.85601288639009,0.45873940736055374,366914913880.0
qaoa1,2.2576785748691846,4.932148937076444,5,6,156,177,22,42,0.818,132,174,993,0.32,6.4780715350061655,0.006949298083782196,25.402741296216846,0.00012541934847831726,21.348081596195698,2.4202002193778753,3058561167448.0
qaoa1,2.2576785748691846,4.932148937076444,5,6,156,184,23,43,0.811,138,127,1034,0.305,6.504127487540245,0.006405876949429512,42.81613837555051,0.00012114271521568298,14.385496547445655,1.577992469072342,5044192599352.0
qaoa1,2.2576785748691846,4.932148937076444,5,6,156,199,24,44,0.798,144,130,1178,0.263,7.550642898306251,0.006258435547351837,91.98237584345043,0.0001213904470205307,30.901403181254864,51.57860325463116,188812656718735.0
