name,qtpu_pre,qtpu_post,ckt_pre,ckt_run,ckt_post,ckt_num_instances
qaoa2-2,0.0039926134049892426,4.4658780097961426e-05,0.020649196580052376,0.0008781924843788147,0.0030827652662992477,16
qaoa2-3,0.008226638659834862,0.00012088008224964142,1.715430423617363,0.01279577799141407,0.10617086850106716,2799
qaoa2-4,0.011726262047886848,0.00021678023040294647,34.988095600157976,0.17819894663989544,1.2534673139452934,34944
qaoa2-5,0.015815775841474533,0.00028429925441741943,48.0290252789855,0.23551060259342194,1.7324799709022045,48880
qaoa2-6,0.019937386736273766,0.00029151327908039093,53.01690463721752,0.2608187720179558,1.9118089862167835,53550
