num_qubits,num_samples,qtpu_num_instances,qtpu_depth,sv_time,qtpu_gpu_pre,qtpu_gpu_comp,qtpu_gpu_run,qtpu_gpu_post,num_instances,ckt_pre,ckt_run,ckt_post,cutensor_compile,cutensor_exec,cutensor_cost
20,inf,72,36,0.07377503626048565,1.1085156723856926,0.0049429163336753845,1.052654130384326,9.036064147949219e-05,72,0.08452231995761395,0.46516354009509087,0.2498261034488678,0.4288838002830744,0.006141280755400658,143475016.0
30,inf,1368,30,1.7217748593539,18.805307377129793,0.003274518996477127,16.43134543672204,9.32738184928894e-05,1368,5.137838477268815,27.475620133802295,13.344469105824828,0.5178235229104757,0.0076700542122125626,9390776.0
