num_qubits,num_samples,qtpu_num_instances,qtpu_depth,qtpu_gpu_pre,qtpu_gpu_comp,qtpu_gpu_post,ckt_pre,ckt_run,ckt_post,ckt_num_instances,cutensor_compile,cutensor_exec,cutensor_cost
18,inf,3960,68,0.07188783586025238,0.006398826837539673,0.00012766942381858826,22.771901005879045,1.402008280158043,12.16923052072525,338785,11.243308436125517,0.8782774731516838,833362541617.0
19,inf,9252,68,0.08332718722522259,0.007619587704539299,0.00015573762357234955,40.77238642796874,2.4268260039389133,20.551874682307243,580152,18.14987063780427,10.992446146905422,11643234592711.0
20,inf,3960,70,0.08835901319980621,0.003809671849012375,0.00011271610856056213,26.483356900513172,1.3252915162593126,11.237340949475765,314055,35.7328370437026,30.625944236293435,57748372179591.0
21,inf,3960,76,0.09565437771379948,0.0038768649101257324,0.00011535733938217163,16.570473361760378,0.7364146281033754,6.666261052712798,183890,74.12317247502506,302.4946167152375,1047014263641119.0
