num_qubits,num_samples,qtpu_num_instances,qtpu_depth,qtpu_gpu_pre,qtpu_gpu_comp,qtpu_gpu_post,ckt_pre,ckt_run,ckt_post,ckt_num_instances,cutensor_compile,cutensor_exec,cutensor_cost
18,inf,2664,64,0.0570454727858305,0.005876632407307625,0.00011267140507698059,12.767963860183954,0.7210040874779224,6.6971773356199265,186624,4.117162715643644,0.2310987301170826,788014229248.0
18,inf,2664,64,0.055618228390812874,0.005488194525241852,0.00011736154556274414,13.007147228345275,0.7175741773098707,6.7779230158776045,186624,3.4127548914402723,0.12073901109397411,116122101088.0
19,inf,2664,68,0.05999167263507843,0.00344274565577507,0.0001057703047990799,13.39657741971314,0.7349929735064507,6.827885054051876,186624,4.4717215690761805,0.2397675570100546,280946996480.0
20,inf,2664,76,0.06859438307583332,0.003533845767378807,9.681098163127899e-05,14.032086372375488,2.4271829575300217,7.151838937774301,186624,22.515862619504333,2.3388594947755337,6701057417624.0
21,inf,2664,78,0.07563675567507744,0.0035200323909521103,0.00010468810796737671,18.771853802725673,2.5948087871074677,6.92464842274785,186624,22.935577776283026,32.30772248841822,68562421733007.0
22,inf,2664,80,0.07967323251068592,0.0034655481576919556,9.504333138465881e-05,14.417203687131405,2.5921756010502577,6.9219284281134605,186624,47.87980706803501,42.85543748922646,178093807518791.0
