num_qubits,exec_time,fidelity
4,7.44603798299795,0.8950115004394903
6,33.26522918097908,0.8437491008491028
8,18.975021874997765,0.7820314228811686
10,342.57733601896325,0.6528884806675923
12,323.36347163497703,0.49227483310805353
12,373.77881499403156,0.4902453564726756
12,103.06121676799376,0.9771849813155437
12,127.58132977195783,0.979015519305513
12,117.09517509397119,0.9865568818003413
12,136.48388493602397,0.9819044110373896
16,981.1860936040175,0.8533909512725039
