num_qubits,exec_time,fidelity
4,1.289387616001477,0.8900723797431194
6,11.272396826003387,0.8399460942712166
8,13.226941701002943,0.7672234446889381
10,293.37762991499767,0.7198102190468381