num_qubits,fidelity
4,0.85728469348856
6,0.7671624808764714
8,0.6952500000000001
10,0.6510508993975109
14,0.5215789107100164
4,0.857928225306782
6,0.7654219541492712
8,0.69632
10,0.6516528034170307
14,0.522731374304122
4,0.8592581783565532
6,0.7658798362252032
8,0.6955600000000002
10,0.6483796778929902
