num_qubits,h_fid,h_fid_base,tv_fid,tv_fid_base,num_cnots,num_cnots_base,depth,depth_base,num_deps,num_deps_base,num_vgates,num_fragments,num_instances,run_time,knit_time,run_time_base
6,0.973329308906272,0.9873589188184894,0.8862620967741935,0.9296,8,9,32,30,0,0,1,1,6,37.31017584800429,3.530555145996914,19.98219177899591
8,0.8778891879088112,0.9220842721774671,0.745843191489362,0.8162500000000004,12,13,30,36,0,0,1,1,6,58.66689524299727,3.154528539002058,30.230358998000156
10,0.6804696812769986,0.8212435837433026,0.541892763938317,0.7029000000000035,16,17,37,44,0,0,1,1,6,150.70767187100137,4.88260808600171,28.5741726510023
12,0.4421549499840507,0.800497744358633,0.36906902555110743,0.6907500000000066,20,21,47,50,0,0,1,1,6,83.19220819899783,3.249391988996649,51.42035445399961
6,0.9502617810426067,0.977773921237499,0.8294229838709679,0.9031,8,9,32,30,0,0,1,1,6,61.674543922999874,3.777378854996641,24.115664213000855
8,0.9000452463677264,0.9254832664499278,0.7740576923076921,0.8171500000000005,12,13,30,36,0,0,1,1,6,58.90780384000391,3.760087843002111,41.914516556993476
10,0.7135427980901229,0.8269041865150971,0.5757319963811824,0.7016500000000032,16,17,37,44,0,0,1,1,6,44.644131704000756,3.2384201280001434,54.76742913300404
12,0.4124590682548461,0.8108254104056108,0.34839632867133463,0.714850000000006,20,21,47,50,0,0,1,1,6,52.580317649997596,3.939139944006456,345.0878583160011
