num_qubits,h_fid,h_fid_base,tv_fid,tv_fid_base,num_cnots,num_cnots_base,depth,depth_base,num_deps,num_deps_base,num_vgates,num_fragments,num_instances,run_time,knit_time,run_time_base
6,0.8305479874238467,0.704043759968845,0.6532319938895217,0.5374000000000001,9,20,28,41,0,0,1,2,12,280.909736400994,3.471977042994695,24.842759529012255
8,0.8070707160000284,0.6844411174580196,0.640278877680331,0.5243500000000001,18,37,44,67,0,0,1,2,12,192.3959224499995,3.4729154119850136,56.27971488298499
10,0.7074779793072302,0.7552690791163477,0.5447797080481698,0.5970500000000019,28,64,57,105,0,0,1,2,12,199.00111290998757,3.237187324994011,255.57040596898878
12,0.40997811751211555,0.36670526088394223,0.3699692515707431,0.36335000000000395,48,109,79,145,0,0,1,2,12,215.26625573000638,3.283675152983051,343.88113637798233
6,0.9130715379559312,0.6709411708767019,0.7593398888674279,0.5171500000000002,9,20,28,41,0,0,1,2,12,80.86736117100372,3.6014726700013853,32.67238340599579
8,0.8427696840573845,0.7383239813263253,0.6771568455673,0.5656,19,37,42,67,0,0,1,2,12,77.0197835479994,3.5213297129957937,23.45937819700339
10,0.6871799775196411,0.8213050613897604,0.5366856565787929,0.661050000000001,30,72,57,106,0,0,1,2,12,81.45828658800019,3.165077511999698,44.077239015001396
12,0.3767421775600504,0.37017758371264264,0.34287595711162444,0.35914999999999975,46,104,75,146,0,0,1,2,12,75.99534739999945,3.4263546930014854,24.19274849499925
