num_qubits,fidelity
14,0.6788132577118144
16,0.6038254209717158
14,0.6744216314331152
12,0.7462767119734107
12,0.7651936191024022
2,0.9082970946152287
4,0.9178029114852221
6,0.859595923854277
8,0.7740417072290126
