num_qubits,fidelity
2,0.9636329907418185
4,0.8878792252688981
2,0.964329878028959
