num_qubits,fidelity
8,0.8874699773795499
10,0.7969752884048821
12,0.4118156516175619
14,0.21168458776524474
16,0.7169601910122717
