num_qubits,exec_time,fidelity
4,15.817551914020441,0.998534509176294
4,96.83123158902163,0.9984292911471053
4,17.72091063699918,0.9986861655590744
4,8.597049932985101,0.998530238984354
4,5.299949573003687,0.9983673520764322
6,383.17716156400274,0.9881420664908234
6,449.4467886679922,0.9860653992455811
