num_qubits,exec_time,fidelity
30,21.03607551701134,0.9985434169390804
30,30.86681418499211,0.9998578355103708
30,17.259737348009367,0.9949237471613734
30,16.631404698011465,0.992547867818073
