num_qubits,fidelity
4,0.8757588957017012
6,0.782239491224117
10,0.6746744293816656
14,0.5519210657721485
4,0.8766630608121458
6,0.7819101954079561
8,0.7377418965000326
10,0.673948112815829
4,0.8759692904653621
6,0.7819561262659711
8,0.7381491573366887
10,0.6743104815159325
14,0.553285927029453
4,0.8771890203260558
6,0.7826458689394215
8,0.7388622388031251
10,0.6755202724587749
14,0.5523440621054513
4,0.8771108799590092
6,0.780201377224063
8,0.7382622140724773
