num_qubits,fidelity,runtime
10,0.9999994374996835,0.06684025202412158
20,0.9982006971895794,1.2418055880116299
30,0.9975576713644507,3.332719127065502
40,0.9951129146919572,5.861781463958323
50,0.99574062005604,8.645056947949342
60,0.983333246126461,11.790169493062422
70,0.9906290086333148,25.417217575013638
80,0.9914495647433803,233.7396809339989
