num_qubits,exec_time,fidelity
4,8.394354593998287,0.9856262562280177
6,19.179383973008953,0.9808268605268714
8,28.2628169109812,0.9698018423674339
10,335.1970815620152,0.9382377602684528
12,322.3625307820039,0.9219554639440546
14,628.0164394759922,0.8811817211985769
