num_qubits,fidelity
4,0.9953256550682908
6,0.9865405456010211
8,0.9853468962084427
10,0.9792105580013664
14,0.9451902545587746
4,0.9955364966760016
6,0.987164032206867
8,0.9860821294582794
10,0.9795712624364459
14,0.945090072524331
4,0.9950292333779583
6,0.9875819116868851
8,0.9853269803165431
10,0.9797621254426794
14,0.9460266990192847
4,0.9952351761683879
6,0.9881942755466742
8,0.9853778254505848
10,0.9793668177279115
14,0.9440641586217637
